{"_wandb":{"runtime":103},"_runtime":103.130177539,"_timestamp":1.7547809735760295e+09,"_step":364,"train/ce_loss":0.2746378183364868,"train/poincare_loss":0.0006970001268200576}