{"words_processed":80561,"time_per_batch":0.2643394058133349,"elapsed_time":81.32912540435791,"hyperbolic_loss":0,"max_norm_ratio_smooth":0.10902190208435059,"poincare_loss":0.03360786288976669,"progress_pct":3.588,"tree_loss":0,"eval/eval_perplexity":1759.9620361328125,"total_loss":7.5155744552612305,"max_words":2000000,"eval/eval_total_loss":7.494006156921387,"safe_region_pct_smooth":99.99999237060547,"estimated_remaining":2185.3689070470887,"eval/eval_poincare_loss":0.046143315732479095,"step":182,"step_time_smooth":0.001464231014251709,"checkpoint/step":182,"near_boundary_pct_current":0,"total_loss_current":7.5155744552612305,"embedding_spread_current":0.00708563718944788,"mean_norm_ratio":0.07968232780694962,"total_milestones":2,"embedding_spread_smooth":0.00708563718944788,"words_per_second":882.340731481109,"ce_loss_smooth":8.549436926841736,"hyperbolic_loss_smooth":0,"max_norm_ratio_current":0.10902190208435059,"hyperbolic_loss_current":0,"step_time_current":0.0014150142669677734,"_wandb":{"runtime":102},"tokens_per_second":1674.451281405562,"checkpoint/words_processed":80561,"_runtime":102,"poincare_loss_smooth":0.0343133719265461,"near_boundary_pct":0,"words_per_second_smooth":304163.1986625983,"safe_region_pct":99.99999237060547,"total_loss_smooth":8.549436926841736,"step_time":0.0014150142669677734,"tree_loss_smooth":0,"tree_loss_current":0,"embedding_spread":0.00708563718944788,"completed_milestones":0,"safe_region_pct_current":99.99999237060547,"max_norm_ratio":0.10902190208435059,"near_boundary_pct_smooth":0,"_timestamp":1.7549303039750605e+09,"ce_loss":7.5155744552612305,"eval/eval_ce_loss":7.447862148284912,"mean_norm_ratio_current":0.07968232780694962,"words_per_second_current":308477.4550968829,"mean_norm_ratio_smooth":0.07968232780694962,"poincare_loss_current":0.03360786288976669,"_step":12,"ce_loss_current":7.5155744552612305}