{"_timestamp":1.7546246922150848e+09,"_step":738,"train/ce_loss":0.9530943632125854,"train/poincare_loss":0,"_wandb":{"runtime":199},"_runtime":199.337301913}