{"_wandb":{"runtime":129},"_runtime":129.344689795,"_step":855,"train/ce_loss":0.1141497939825058,"train/poincare_loss":0,"_timestamp":1.754623570590741e+09}