{"train/poincare_loss":0,"_wandb":{"runtime":201},"_runtime":201.225600049,"_timestamp":1.7546230826729383e+09,"_step":855,"train/ce_loss":0.051513418555259705}