{"mean_norm_ratio_smooth":0.027768133003264667,"completed_milestones":5,"poincare_loss_smooth":0.0017112428485415877,"mean_norm_ratio":0.02775459922850132,"ce_loss":5.123899459838867,"_runtime":2548,"near_boundary_pct_current":0,"embedding_spread_smooth":0.04778208952397108,"poincare_loss":0.0016194829950109124,"elapsed_time":2425.8371703624725,"words_per_second_current":189121.0834925572,"eval/eval_perplexity":355.972412109375,"words_per_second":18783.264003326152,"progress_pct":45.56514,"near_boundary_pct_smooth":0,"mean_norm_ratio_current":0.02775459922850132,"_wandb":{"runtime":2548},"checkpoint/words_processed":45701977,"max_norm_ratio_current":0.1851993203163147,"embedding_spread_current":0.04777202010154724,"step_time_smooth":0.005356829166412353,"hyperbolic_loss_smooth":8.556214386771899e-05,"eval/eval_poincare_loss":0.001797931152395904,"hyperbolic_loss_current":8.097415411612019e-05,"step_time":0.005365610122680664,"safe_region_pct":99.99999237060547,"_timestamp":1.7549424175393035e+09,"step_time_current":0.005365610122680664,"tree_loss":0,"max_norm_ratio_smooth":0.1851993203163147,"hyperbolic_loss":8.097415411612019e-05,"total_loss":5.123980522155762,"words_per_second_smooth":236359.55652136516,"total_loss_smooth":5.37958559513092,"eval/eval_ce_loss":5.08658504486084,"max_norm_ratio":0.1851993203163147,"ce_loss_current":5.123899459838867,"safe_region_pct_smooth":99.99999237060547,"estimated_remaining":2898.0511582204585,"embedding_spread":0.04777202010154724,"total_milestones":7,"tokens_per_second":24179.80998402356,"_step":190,"poincare_loss_current":0.0016194829950109124,"tree_loss_smooth":0,"words_processed":45701977,"checkpoint/step":36416,"total_loss_current":5.123980522155762,"max_words":100000000,"ce_loss_smooth":5.379500031471252,"tree_loss_current":0,"eval/eval_total_loss":5.088383674621582,"step":36416,"safe_region_pct_current":99.99999237060547,"time_per_batch":0.051862070083618164,"near_boundary_pct":0}