{"train/ce_loss":1.098356008529663,"train/poincare_loss":0.0019973625894635916,"_timestamp":1.754781574606681e+09,"_step":740,"_wandb":{"runtime":426},"_runtime":426.336008616}