{"_timestamp":1.754890703140828e+09,"estimated_remaining":29135.58006524591,"_wandb":{"runtime":510},"progress_pct":1.50075,"poincare_loss_current":0.00352839776314795,"elapsed_time":443.9142611026764,"completed_milestones":1,"max_norm_ratio":0.18677127361297607,"poincare_loss_smooth":0.0050888192490674555,"checkpoint/step":1418,"poincare_loss":0.00352839776314795,"time_per_batch":0.2828634514808655,"near_boundary_pct_current":0,"safe_region_pct":99.99999237060547,"checkpoint/words_processed":1777533,"mean_norm_ratio_smooth":0.12213611759245396,"max_words":100000000,"words_per_second_smooth":171453.0054879534,"hyperbolic_loss_current":0.00017641989688854665,"step_time_current":0.006845712661743164,"_runtime":510,"tree_loss_smooth":0,"ce_loss_smooth":5.584757180213928,"words_per_second_current":164117.31773064466,"tree_loss":0,"hyperbolic_loss_smooth":0.0002544409669644665,"eval/eval_poincare_loss":0.005362595431506634,"eval/eval_total_loss":6.336723327636719,"mean_norm_ratio_current":0.12088795006275177,"embedding_spread":0.046927955001592636,"words_per_second":3380.7204036927296,"hyperbolic_loss":0.00017641989688854665,"safe_region_pct_smooth":99.99999237060547,"eval/eval_ce_loss":6.331360816955566,"eval/eval_perplexity":590.3218383789062,"words_processed":1777533,"total_milestones":7,"embedding_spread_smooth":0.04617312952876091,"_step":13,"total_loss_current":5.106019496917725,"step":1418,"ce_loss":5.1058430671691895,"max_norm_ratio_current":0.18677127361297607,"ce_loss_current":5.1058430671691895,"tree_loss_current":0,"step_time_smooth":0.007701561450958252,"safe_region_pct_current":99.99999237060547,"total_loss_smooth":5.585011625289917,"max_norm_ratio_smooth":0.18677127361297607,"step_time":0.006845712661743164,"mean_norm_ratio":0.12088795006275177,"near_boundary_pct_smooth":0,"total_loss":5.106019496917725,"near_boundary_pct":0,"embedding_spread_current":0.046927955001592636,"tokens_per_second":4436.006113306161}