{"total_loss_smooth":5.574847764968872,"step_time":0.00479888916015625,"completed_milestones":2,"total_milestones":7,"checkpoint/step":2388,"poincare_loss_smooth":0.002873309364076704,"estimated_remaining":6967.5139547104145,"eval/eval_poincare_loss":0.0036256841849535704,"words_per_second_smooth":252706.22620925106,"words_per_second":13849.323392422335,"checkpoint/words_processed":3000000,"poincare_loss":0.0025949454866349697,"near_boundary_pct_current":0,"safe_region_pct_smooth":99.99999237060547,"_step":15,"progress_pct":3.504646,"tree_loss_smooth":0,"embedding_spread":0.05820217356085777,"hyperbolic_loss":0.00012974727724213153,"_runtime":273,"max_words":100000000,"tree_loss_current":0,"near_boundary_pct_smooth":0,"elapsed_time":253.0553948879242,"max_norm_ratio_smooth":0.18677127361297607,"total_loss_current":5.460228443145752,"_timestamp":1.7549330189023561e+09,"poincare_loss_current":0.0025949454866349697,"eval/eval_total_loss":6.410096168518066,"ce_loss_current":5.460098743438721,"step_time_current":0.00479888916015625,"near_boundary_pct":0,"embedding_spread_current":0.05820217356085777,"hyperbolic_loss_smooth":0.0001436654706049012,"_wandb":{"runtime":273},"tokens_per_second":20676.291868193894,"total_loss":5.460228443145752,"mean_norm_ratio_smooth":0.09331706896424294,"embedding_spread_smooth":0.058059676438570025,"max_norm_ratio_current":0.18677127361297607,"words_per_second_current":246775.8600953895,"ce_loss":5.460098743438721,"time_per_batch":0.06062885975837708,"safe_region_pct_current":99.99999237060547,"words_processed":3504646,"tree_loss":0,"hyperbolic_loss_current":0.00012974727724213153,"mean_norm_ratio":0.09268427640199661,"safe_region_pct":99.99999237060547,"step_time_smooth":0.0049643111228942875,"eval/eval_ce_loss":6.406470775604248,"ce_loss_smooth":5.57470410823822,"max_norm_ratio":0.18677127361297607,"eval/eval_perplexity":636.2068481445312,"step":2793,"mean_norm_ratio_current":0.09268427640199661}