{"mean_norm_ratio_current":0.14465871453285217,"eval/eval_perplexity":648.8753662109375,"words_per_second_smooth":139124.23583156746,"mean_norm_ratio_smooth":0.14648875311017037,"_step":4,"embedding_spread_smooth":0.025357356946915387,"_wandb":{"runtime":338},"eval/eval_ce_loss":6.434248924255371,"max_norm_ratio_smooth":0.1877278983592987,"step_time_current":0.00971674919128418,"tree_loss_smooth":0,"safe_region_pct":99.99999237060547,"step_time":0.00971674919128418,"mean_norm_ratio":0.14465871453285217,"embedding_spread_current":0.02747100032866001,"eval/eval_total_loss":6.44282865524292,"words_processed":803609,"tree_loss_current":0,"max_norm_ratio_current":0.1877278983592987,"progress_pct":0.500611,"poincare_loss_smooth":0.010820127855986357,"ce_loss":5.735956192016602,"near_boundary_pct":0,"completed_milestones":0,"_runtime":338,"eval/eval_poincare_loss":0.008579910732805729,"total_loss_current":5.736441135406494,"max_words":100000000,"tokens_per_second":2997.324743677426,"step_time_smooth":0.009017386436462403,"total_loss":5.736441135406494,"estimated_remaining":45305.784406112296,"time_per_batch":0.42057992288988244,"ce_loss_smooth":5.704719061851502,"elapsed_time":227.9468674659729,"safe_region_pct_current":99.99999237060547,"ce_loss_current":5.735956192016602,"tree_loss":0,"hyperbolic_loss":0.000485003663925454,"total_milestones":7,"max_norm_ratio":0.1877278983592987,"near_boundary_pct_smooth":0,"hyperbolic_loss_smooth":0.0005410064038005657,"words_per_second_current":130753.6064777328,"poincare_loss":0.009700072929263115,"total_loss_smooth":5.705260047912597,"step":639,"poincare_loss_current":0.009700072929263115,"embedding_spread":0.02747100032866001,"_timestamp":1.7548896127666445e+09,"hyperbolic_loss_current":0.000485003663925454,"words_per_second":2196.1740714630764,"safe_region_pct_smooth":99.99999237060547,"near_boundary_pct_current":0}