{"train/ce_loss":NaN,"train/poincare_loss":NaN,"_timestamp":1.7547822131392207e+09,"_wandb":{"runtime":576},"_runtime":576.286935467,"_step":9105}