{"embedding_spread_current":0.008672029711306095,"step_time":0.0013916492462158203,"mean_norm_ratio_current":0.07837989926338196,"hyperbolic_loss_current":0.0008726128726266325,"checkpoint/step":182,"words_per_second_current":387489.880418023,"tree_loss_smooth":0,"words_processed":80572,"ce_loss_smooth":8.581014132499694,"words_per_second_smooth":318885.84767338773,"step_time_smooth":0.0014226818084716797,"max_norm_ratio_current":0.10902190208435059,"hyperbolic_loss":0.0008726128726266325,"safe_region_pct":99.99999237060547,"total_loss_current":7.629185676574707,"progress_pct":3.5729499999999996,"_wandb":{"runtime":103},"max_words":2000000,"mean_norm_ratio_smooth":0.07882629364728927,"near_boundary_pct":0,"ce_loss_current":7.628313064575195,"safe_region_pct_smooth":99.99999237060547,"eval/eval_perplexity":1760.909912109375,"words_per_second":868.7576693051582,"step":182,"hyperbolic_loss_smooth":0.0009707015968160703,"tree_loss":0,"max_norm_ratio":0.10902190208435059,"total_loss_smooth":8.581984853744506,"completed_milestones":0,"total_milestones":2,"_timestamp":1.7549305120833478e+09,"mean_norm_ratio":0.07837989926338196,"_step":12,"near_boundary_pct_current":0,"embedding_spread":0.008672029711306095,"max_norm_ratio_smooth":0.10902190208435059,"_runtime":103,"eval/eval_poincare_loss":0.019409051164984703,"time_per_batch":0.2718594461679459,"safe_region_pct_current":99.99999237060547,"near_boundary_pct_smooth":0,"elapsed_time":82.25423789024353,"step_time_current":0.0013916492462158203,"embedding_spread_smooth":0.00795281661208719,"tokens_per_second":1641.5421876652754,"poincare_loss_smooth":0.019414031617343425,"total_loss":7.629185676574707,"estimated_remaining":2219.8837122698073,"poincare_loss_current":0.017452256754040718,"tree_loss_current":0,"checkpoint/words_processed":80572,"ce_loss":7.628313064575195,"eval/eval_ce_loss":7.448485851287842,"eval/eval_total_loss":7.467895030975342,"poincare_loss":0.017452256754040718}