{"safe_region_pct_current":99.99999237060547,"tokens_per_second":11736.70116559252,"embedding_spread_current":0.02757502719759941,"safe_region_pct":99.99999237060547,"safe_region_pct_smooth":99.99999237060547,"eval/eval_ce_loss":6.376209735870361,"max_norm_ratio_current":0.1877278983592987,"tree_loss_smooth":0,"embedding_spread":0.02757502719759941,"total_loss_smooth":5.811172723770142,"hyperbolic_loss_smooth":0.0005587150348583237,"eval/eval_poincare_loss":0.007355854380875826,"words_per_second":5296.250800958138,"step_time":0.005208253860473633,"_timestamp":1.754939686091778e+09,"tree_loss":0,"eval/eval_perplexity":615.3903198242188,"hyperbolic_loss":0.0005049681640230119,"_runtime":128,"ce_loss_current":6.0138092041015625,"embedding_spread_smooth":0.025408528558909894,"ce_loss":6.0138092041015625,"poincare_loss":0.010099362581968307,"max_norm_ratio_smooth":0.1877278983592987,"total_milestones":7,"mean_norm_ratio_current":0.14462855458259583,"hyperbolic_loss_current":0.0005049681640230119,"total_loss_current":6.0143141746521,"tree_loss_current":0,"near_boundary_pct_current":0,"step_time_current":0.005208253860473633,"eval/eval_total_loss":6.383565425872803,"elapsed_time":94.59200835227966,"_wandb":{"runtime":128},"total_loss":6.0143141746521,"completed_milestones":0,"max_norm_ratio":0.1877278983592987,"_step":1,"max_words":100000000,"time_per_batch":0.1077578958838877,"step_time_smooth":0.005199270248413086,"estimated_remaining":18786.689063516358,"words_processed":1000890,"mean_norm_ratio_smooth":0.14649976253509522,"poincare_loss_current":0.010099362581968307,"words_per_second_smooth":243216.66825984008,"step":793,"ce_loss_smooth":5.810614018440247,"near_boundary_pct":0,"mean_norm_ratio":0.14462855458259583,"poincare_loss_smooth":0.011174300508573652,"words_per_second_current":211251.22343785764,"progress_pct":0.500983,"near_boundary_pct_smooth":0}