{"_step":9105,"train/ce_loss":0.001140883774496615,"train/poincare_loss":0.0005309439729899168,"_timestamp":1.7547829580992205e+09,"_wandb":{"runtime":582},"_runtime":582.136379484}