{"total_loss_smooth":5.521012473106384,"poincare_loss":0.0016994915204122663,"max_norm_ratio_current":0.1851993203163147,"progress_pct":14.020185,"mean_norm_ratio_smooth":0.047512064836919304,"words_processed":14339995,"words_per_second":19653.17260071526,"max_norm_ratio":0.1851993203163147,"_runtime":731,"checkpoint/step":11436,"ce_loss_smooth":5.52092209815979,"_wandb":{"runtime":731},"total_loss_current":5.181870937347412,"hyperbolic_loss":8.497457747580484e-05,"checkpoint/words_processed":14339995,"elapsed_time":713.3802406787872,"hyperbolic_loss_smooth":9.03781931992853e-05,"step_time_smooth":0.005228636264801026,"safe_region_pct_current":99.99999237060547,"mean_norm_ratio_current":0.04741675779223442,"eval/eval_total_loss":6.400419235229492,"step_time":0.0051538944244384766,"eval/eval_ce_loss":6.398437976837158,"tokens_per_second":23666.808135259864,"max_words":100000000,"_step":64,"embedding_spread_smooth":0.05667055904865265,"_timestamp":1.7549341467655296e+09,"words_per_second_smooth":240512.21272620044,"hyperbolic_loss_current":8.497457747580484e-05,"words_per_second_current":240255.2124716658,"eval/eval_perplexity":632.08837890625,"total_milestones":7,"tree_loss_current":0,"mean_norm_ratio":0.04741675779223442,"embedding_spread":0.05663490295410156,"near_boundary_pct_smooth":0,"poincare_loss_current":0.0016994915204122663,"tree_loss_smooth":0,"safe_region_pct":99.99999237060547,"step":11436,"total_loss":5.181870937347412,"ce_loss_current":5.181786060333252,"embedding_spread_current":0.05663490295410156,"step_time_current":0.0051538944244384766,"time_per_batch":0.05278937458992004,"near_boundary_pct":0,"tree_loss":0,"estimated_remaining":4374.8567596089215,"near_boundary_pct_current":0,"safe_region_pct_smooth":99.99999237060547,"eval/eval_poincare_loss":0.001981262117624283,"ce_loss":5.181786060333252,"completed_milestones":4,"max_norm_ratio_smooth":0.1851993203163147,"poincare_loss_smooth":0.0018075638357549905}