{"step_time_current":0.008498191833496094,"tree_loss":0,"hyperbolic_loss_current":0.00045835095806978643,"poincare_loss_current":0.00916701927781105,"words_per_second_smooth":135689.82081488695,"total_loss_current":5.702981472015381,"hyperbolic_loss_smooth":0.0005452869029249996,"ce_loss":5.702523231506348,"_runtime":370,"tree_loss_smooth":0,"hyperbolic_loss":0.00045835095806978643,"embedding_spread":0.02746225707232952,"poincare_loss_smooth":0.010905737825669348,"tokens_per_second":2672.688493342819,"eval/eval_poincare_loss":0.008492541499435902,"safe_region_pct_smooth":99.99999237060547,"elapsed_time":259.63235902786255,"words_processed":802439,"step":639,"_step":4,"eval/eval_ce_loss":6.57708740234375,"words_per_second":1929.998255518779,"_timestamp":1.754889125346965e+09,"estimated_remaining":51553.88597657304,"eval/eval_perplexity":741.2488403320312,"total_milestones":7,"ce_loss_smooth":5.785838832855225,"near_boundary_pct_current":0,"step_time_smooth":0.009318912029266357,"words_per_second_current":143501.1145774885,"ce_loss_current":5.702523231506348,"_wandb":{"runtime":370},"time_per_batch":0.46857218980789184,"near_boundary_pct":0,"max_norm_ratio_smooth":0.19012075677514076,"total_loss_smooth":5.786384105682373,"poincare_loss":0.00916701927781105,"tree_loss_current":0,"mean_norm_ratio_current":0.14476405084133148,"embedding_spread_smooth":0.02530959002673626,"max_norm_ratio":0.18701055645942688,"max_norm_ratio_current":0.18701055645942688,"eval/eval_total_loss":6.585579872131348,"near_boundary_pct_smooth":0,"embedding_spread_current":0.02746225707232952,"mean_norm_ratio":0.14476405084133148,"safe_region_pct_current":99.99999237060547,"max_words":100000000,"safe_region_pct":99.99999237060547,"progress_pct":0.50109,"step_time":0.008498191833496094,"mean_norm_ratio_smooth":0.14660921528935433,"total_loss":5.702981472015381,"completed_milestones":0}