{"safe_region_pct_current":99.99999237060547,"estimated_remaining":2171.3220412451014,"near_boundary_pct":0,"step_time":0.001447439193725586,"_timestamp":1.754930093384701e+09,"hyperbolic_loss_current":0,"step_time_smooth":0.001468203067779541,"tree_loss_smooth":0,"mean_norm_ratio_smooth":0.07968232780694962,"max_norm_ratio_smooth":0.10902190208435059,"tree_loss":0,"words_processed":80579,"safe_region_pct_smooth":99.99999237060547,"total_milestones":2,"poincare_loss":0.03343050926923752,"_runtime":98,"eval/eval_ce_loss":7.440960884094238,"total_loss":7.655601978302002,"near_boundary_pct_smooth":0,"safe_region_pct":99.99999237060547,"poincare_loss_smooth":0.03470317829400301,"words_per_second_smooth":307186.1422977158,"tokens_per_second":1690.648588262194,"time_per_batch":0.26146733613661777,"completed_milestones":0,"eval/eval_total_loss":7.4871039390563965,"total_loss_smooth":8.55029185295105,"ce_loss":7.655601978302002,"_step":11,"max_norm_ratio":0.10902190208435059,"total_loss_current":7.655601978302002,"max_words":2000000,"elapsed_time":80.70475840568542,"embedding_spread_smooth":0.00708563718944788,"mean_norm_ratio":0.07968232780694962,"near_boundary_pct_current":0,"max_norm_ratio_current":0.10902190208435059,"hyperbolic_loss_smooth":0,"ce_loss_smooth":8.55029185295105,"_wandb":{"runtime":98},"progress_pct":3.58365,"mean_norm_ratio_current":0.07968232780694962,"embedding_spread":0.00708563718944788,"step_time_current":0.001447439193725586,"tree_loss_current":0,"step":182,"words_per_second_current":297939.9769395487,"ce_loss_current":7.655601978302002,"eval/eval_perplexity":1748.5914306640625,"embedding_spread_current":0.00708563718944788,"hyperbolic_loss":0,"words_per_second":888.0888985469144,"poincare_loss_current":0.03343050926923752,"eval/eval_poincare_loss":0.046143315732479095}